<?xml version="1.0" encoding="UTF-8"?>
<beans xmlns="http://www.springframework.org/schema/beans"
	xmlns:xsi="http://www.w3.org/2001/XMLSchema-instance" 
	xmlns:context="http://www.springframework.org/schema/context"
	xmlns:tx="http://www.springframework.org/schema/tx"
	xsi:schemaLocation="http://www.springframework.org/schema/beans
   						http://www.springframework.org/schema/beans/spring-beans-3.0.xsd
   						http://www.springframework.org/schema/context
           				http://www.springframework.org/schema/context/spring-context-3.0.xsd
   						http://www.springframework.org/schema/tx
   						https://www.springframework.org/tx/spring-tx.xsd">
   
   
	<context:annotation-config/>
	<tx:annotation-driven/>
	
	<context:component-scan base-package="com.virtusa.durgarao"/>
	
	<bean id="driverManagerDataSource" class="org.springframework.jdbc.datasource.DriverManagerDataSource">
		<property name="driverClassName" value="com.mysql.jdbc.Driver" />
		<property name="url" value="jdbc:mysql://localhost:3306/springjdbc" />
		<property name="username" value="root" />
		<property name="password" value="root123" />
	</bean>

	<bean id="sessionFactory1" class="org.springframework.orm.hibernate4.LocalSessionFactoryBean">
		<property name="dataSource" ref="driverManagerDataSource" />
		<property name="hibernateProperties">
			<props>
				<!-- <prop key="connection.pool_size">1</prop> -->
				<prop key="hibernate.dialect">org.hibernate.dialect.MySQLDialect</prop>
				<prop key="hibernate.show_sql">true</prop>
				<prop key="hibernate.hbm2ddl.auto">update</prop>
			</props>
		</property>
		<property name="packagesToScan">
			<array>
			<value>com.virtusa.durgarao</value>
			</array>
		</property>
	</bean>
	
	
	<bean id="employeeRepository" class="com.virtusa.durgarao.EmployeeRepository"/>

	<bean id="transactionManager" class="org.springframework.orm.hibernate4.HibernateTransactionManager">
		<property name="sessionFactory" ref="sessionFactory1"/>
	</bean>
		

</beans>