<?xml version="1.0" encoding="UTF-8"?>
<!DOCTYPE hibernate-configuration PUBLIC
"-//Hibernate/Hibernate Configuration DTD 3.0//EN"
"http://www.hibernate.org/dtd/hibernate-configuration-3.0.dtd">
<hibernate-configuration>
  <session-factory>
    <property name="connection.driver_class">com.mysql.jdbc.Driver</property>
    <property name="dialect">org.hibernate.dialect.MySQLDialect</property>
    <property name="hibernate.connection.url">jdbc:mysql://localhost:3306/meeting_organizer</property>
    <property name="connection.username">shubham</property>
    <property name="connection.password">root</property>
    <property name="show_sql">true</property>
    <property name="hbm2ddl.auto">update</property>
    
    <mapping class="com.shubham.singletable.Employee" />
    <mapping class="com.shubham.singletable.Developer" />
    <mapping class="com.shubham.singletable.Tester" />
    
    <mapping class="com.shubham.tableperclass.Employee1" />
    <mapping class="com.shubham.tableperclass.Developer1" />
    <mapping class="com.shubham.tableperclass.Tester1" />
  </session-factory>
</hibernate-configuration>