<?xml version="1.0" encoding="UTF-8"?>

<beans xmlns="http://www.springframework.org/schema/beans"
	xmlns:xsi="http://www.w3.org/2001/XMLSchema-instance"
	xmlns:context = "http://www.springframework.org/schema/context"
	xsi:schemaLocation="http://www.springframework.org/schema/beans
   http://www.springframework.org/schema/beans/spring-beans-3.0.xsd
   http://www.springframework.org/schema/context
   http://www.springframework.org/schema/context/spring-context-3.0.xsd">
   
   <context:annotation-config/>

	<bean id="studentInformation" class="com.virtusa.spring.bean.StudentInformation" />


	<bean id="student1" class="com.virtusa.spring.bean.Student">
		<property name="studentId" value="101" />
		<property name="studentName" value="Sriram" />
		<property name="phoneNo" value="7894561230" />

	</bean>


	<bean id="student2" class="com.virtusa.spring.bean.Student">
		<property name="studentId" value="102" />
		<property name="studentName" value="Prakash" />
		<property name="phoneNo" value="2013654789" />
	</bean>


</beans>