<?xml version="1.0" encoding="UTF-8"?>
<beans xmlns="http://www.springframework.org/schema/beans"
	xmlns:xsi="http://www.w3.org/2001/XMLSchema-instance"
	xsi:schemaLocation="http://www.springframework.org/schema/beans
	http://www.springframework.org/schema/beans/spring-beans.xsd ">
 
                   <!--*****Dependency using XML*****-->
 
<!--  	<bean id="testBean" class="com.shubham.dependency.bean.TestBean">
      <property name="dbType1" ref="DBType1" />
      <property name="dbType2" ref="DBType2" />
   </bean>
   
   <bean id="DBType1" class="com.shubham.dependency.bean.OracleDB"/>
   <bean id="DBType2" class="com.shubham.dependency.bean.SybaseDB"/>   -->
   
   
            <!--*****Dependency using autowire: using byName*****-->
   
  <!--  <bean id="dbType1" class="com.shubham.dependency.bean.OracleDB"/>
   <bean id="dbType2" class="com.shubham.dependency.bean.SybaseDB"/>
     
   <bean id="testBean" class="com.shubham.dependency.bean.TestBean" autowire="byName"/>  -->
   
   
            <!--*****Dependency using autowire: using byType*****-->
   
  <!--  <bean id="dbType" class="com.shubham.dependency.bean.OracleDB"/>
     
   <bean id="testBean" class="com.shubham.dependency.bean.TestBean" autowire="byType"/>  -->
   
   
            <!--*****Dependency using autowire: using constructor*****-->
   
  <!-- <bean id="dbType" class="com.shubham.dependency.bean.OracleDB"/>
     
   <bean id="testBean" class="com.shubham.dependency.bean.TestBean" autowire="constructor"/> -->
   
   
          <!--*****Dependency using autowire default value: using no*****-->
   
  <!--  <bean id="dbType" class="com.shubham.dependency.bean.OracleDB"/>
     
   <bean id="testBean" class="com.shubham.dependency.bean.TestBean" autowire="no"/> -->

</beans>