<?xml version="1.0" encoding="UTF-8"?>
<beans xmlns="http://www.springframework.org/schema/beans"
 xmlns:xsi="http://www.w3.org/2001/XMLSchema-instance" xmlns:aop="http://www.springframework.org/schema/aop"
 xsi:schemaLocation="http://www.springframework.org/schema/beans http://www.springframework.org/schema/beans/spring-beans-3.0.xsd">
 
 <bean id="CountryBean" class="com.virtusa.collection.Country">
 <property name="countryName" value="India"></property>
  <property name="listOfStates">
   <list>
    <value>Tamilnaddu</value>
    <value>Madhya Pradesh</value>
    <value>Bihar</value>
   </list>
 
  </property>
 </bean>
 
</beans>