<?xml version="1.0" encoding="UTF-8"?>
<beans xmlns="http://www.springframework.org/schema/beans"
	xmlns:xsi="http://www.w3.org/2001/XMLSchema-instance"
	xmlns:tx="http://www.springframework.org/schema/tx"
	xmlns:context="http://www.springframework.org/schema/context"
	xmlns:aop="http://www.springframework.org/schema/aop"
	xmlns:p="http://www.springframework.org/schema/p"
	xmlns:c="http://www.springframework.org/schema/c"
	xsi:schemaLocation="http://www.springframework.org/schema/beans
    http://www.springframework.org/schema/beans/spring-beans.xsd
    http://www.springframework.org/schema/context
    http://www.springframework.org/schema/context/spring-context-3.0.xsd
    http://www.springframework.org/schema/aop 
    http://www.springframework.org/schema/aop/spring-aop.xsd
    http://www.springframework.org/schema/tx
   https://www.springframework.org/tx/spring-tx.xsd">
  
  <tx:annotation-driven
		transaction-manager="txnManagerBean" proxy-target-class="true" />
		
    <bean id="dataSource" class="org.springframework.jdbc.datasource.DriverManagerDataSource">  
        <property name="driverClassName"  value="com.mysql.jdbc.Driver"></property>  
        <property name="url" value="jdbc:mysql://localhost:3306/spring"></property>  
        <property name="username" value="shubham"></property>  
        <property name="password" value="root"></property>  
    </bean>  
      
    <bean id="mysessionFactory"  class="org.springframework.orm.hibernate4.LocalSessionFactoryBean">  
        <property name="dataSource" ref="dataSource"></property>  
          
        <property name="packagesToScan">  
        <list>  
        <value>com.shubham.bean</value>  
        </list>  
        </property>  
          
        <property name="hibernateProperties">  
            <props>  
                <prop key="hibernate.dialect">org.hibernate.dialect.MySQLDialect</prop>  
                <prop key="hibernate.hbm2ddl.auto">update</prop>  
                <prop key="hibernate.show_sql">true</prop>  
                  
            </props>  
        </property>  
    </bean>  
      
    <bean id="template" class="org.springframework.orm.hibernate4.HibernateTemplate">  
    <property name="sessionFactory" ref="mysessionFactory"></property>  
     <property name="checkWriteOperations" value="false"></property>
    </bean>  
      
    <bean id="pDao" class="com.shubham.bean.PersonDAO">  
    <property name="template" ref="template"></property>  
    </bean>  
    <bean id="txnManagerBean"
		class="org.springframework.orm.hibernate4.HibernateTransactionManager">
		<property name="sessionFactory" ref="mysessionFactory"></property>
	</bean>
    </beans>  