<?xml version="1.0" encoding="UTF-8"?>
<beans xmlns="http://www.springframework.org/schema/beans"
 xmlns:xsi="http://www.w3.org/2001/XMLSchema-instance"
 xsi:schemaLocation="http://www.springframework.org/schema/beans
 http://www.springframework.org/schema/beans/spring-beans.xsd">
 
 
 <bean id="address" class="com.virtusa.spring.core.Address">
 <property name="doorNo" value="2-1-135"></property>
 <property name="country" value="India"></property>
 <property name="city" value="hyderabad"></property>
 <property name="pincode" value="600027"></property>
  </bean>
  
 
  
 <!-- more bean definitions go here -->
</beans>