<?xml version = "1.0" encoding = "utf-8"?>
<!DOCTYPE hibernate-configuration SYSTEM 
"http://www.hibernate.org/dtd/hibernate-configuration-3.0.dtd">
<hibernate-configuration>
	<session-factory>
	
<!--  db specific properties  -->		
<property name="hibernate.connection.driver_class">com.mysql.jdbc.Driver</property>
		<property name="hibernate.connection.url">jdbc:mysql://localhost:3306/lpmanagement_hibernate?createDatabaseIfNotExist=true</property>
		<property name="hibernate.connection.username">root</property>
		<property name="hibernate.connection.password">root</property>
		
		<!-- hibernate specific properties-->	
	          <!--  dialect is for hibernate to generate query based on database used-->
		<property name="hibernate.dialect">org.hibernate.dialect.MySQL5Dialect</property>		
		<property name="show_sql">true</property>
		<property name="format_sql">true</property>
		<property name="hbm2ddl.auto">update</property> 
	

	<mapping class = "com.virtusa.entity.Admin"/>
	<mapping class = "com.virtusa.entity.Lp"/>
	<mapping class = "com.virtusa.entity.Mentor"/>
	
	
	<mapping class = "com.virtusa.entity.TrainingRoom"/>
	<mapping class = "com.virtusa.entity.Address"/>
	<mapping class = "com.virtusa.entity.BatchDetail"/>
	<mapping class = "com.virtusa.entity.Trainee"/>
	<mapping class = "com.virtusa.entity.Calender"/>
		
	</session-factory>
</hibernate-configuration>