<?xml version="1.0" encoding="UTF-8"?>
<beans xmlns="http://www.springframework.org/schema/beans"   
    xmlns:xsi="http://www.w3.org/2001/XMLSchema-instance"   
    xmlns:tx="http://www.springframework.org/schema/tx"   
    xsi:schemaLocation="http://www.springframework.org/schema/beans   
    http://www.springframework.org/schema/beans/spring-beans-3.0.xsd   
    http://www.springframework.org/schema/tx  
    http://www.springframework.org/schema/tx/spring-tx-3.0.xsd">  
      
     <tx:annotation-driven/>  
     <bean id="dataSourceBean" class="org.springframework.jdbc.datasource.DriverManagerDataSource">  
        <property name="driverClassName" value="oracle.jdbc.driver.OracleDriver"></property>  
        <property name="url" value="jdbc:oracle:thin:@localhost:1521:orcl"></property>  
        <property name="username" value="SYSTEM"></property>  
        <property name="password" value="oracle"></property>  
    </bean>  
           
      <bean id="hbAdapterBean" class="org.springframework.orm.jpa.vendor.HibernateJpaVendorAdapter">  
        <property name="showSql" value="true"></property>  
        <property name="generateDdl" value="true"></property>  
        <property name="databasePlatform" value="org.hibernate.dialect.Oracle10gDialect"></property>  
     </bean>  
      
    <bean id="emfBean" class="org.springframework.orm.jpa.LocalContainerEntityManagerFactoryBean">  
        <property name="dataSource" ref="dataSourceBean"></property>  
        <property name="jpaVendorAdapter" ref="hbAdapterBean"></property> 
        <property name="persistenceUnitName" value="student"></property>
     </bean>  
      <bean id="studentt" class="com.spring.jpa.Student1"></bean>
     
     <bean id="studentDao" class="com.spring.jpa.StudentDaoJpa">  
        <property name="template" ref="emfBean"></property>  
     </bean>  
      <bean id="transactionManager" class="org.springframework.orm.jpa.JpaTransactionManager">  
        <property name="entityManagerFactory" ref="emfBean"></property>  
    </bean>  
          
</beans>  