<?xml version="1.0" encoding="UTF-8"?>
    <beans  
        xmlns="http://www.springframework.org/schema/beans"  
        xmlns:xsi="http://www.w3.org/2001/XMLSchema-instance"  
        xmlns:p="http://www.springframework.org/schema/p"  
        xsi:schemaLocation="http://www.springframework.org/schema/beans  
                   http://www.springframework.org/schema/beans/spring-beans-3.0.xsd">  
                   
  <!--  Primitive dataTypes -->       
      
    <bean id="employeeBean" class="com.virtusa.spring.pojo.Employee">  
    
    
    <constructor-arg value="2"></constructor-arg>  
	<constructor-arg value="Java is a Platform"></constructor-arg>  
	<constructor-arg value="Ravi"></constructor-arg>  
	<constructor-arg value="2"></constructor-arg>  
	<constructor-arg value="F"></constructor-arg>  
	<constructor-arg value="Raviram"></constructor-arg>  
	
	<property name="employeeId" value = "200"/>  
    <property name="empName" value="Kiran"/>  
    <property name="empDesignation" value="Kiran"/>  
    <property name="salary" value="1020000"/>  
    <property name="gender" value="M"/>  
    <property name="address" value="Hyd"/>  
    </bean>  
    
      <!--  Has-A Relation -->  
     <bean id="adminBean" class="com.virtusa.spring.pojo.Admin">  
    <property name="adminId" value = "200"/>  
    <property name="adminName" value="Kiran"/>  
    <property name="adminEmail" value="kiran@gmail.com"/>  
    <property name="password" value="kiran@123"/> 
    <property name="address" ref="addressBean"/>   
    
    </bean> 
    
   <bean id="addressBean" class="com.virtusa.spring.pojo.Address">  
    <property name="no" value = "200"/>  
    <property name="street" value="Kiran"/>  
    <property name="village" value="kiran@gmail.com"/>  
    <property name="city" value="kiran@123"/>  
    </bean>
    
      <!--  Collections -->  
      
     <bean id="writerBean" class="com.virtusa.spring.pojo.Writer">  
    <property name="writerId" value = "200"/>  
    <property name="name" value="Kiran"/>  
    <property name="email" value="kiran@gmail.com"/>  
    <property name="novels">  
	<set>  
	<ref bean="novelBean1"/>   
	<ref bean="novelBean2"/>  
	<ref bean="novelBean3"/>  
	</set>  
	</property>  
   
    </bean> 
    <bean id="novelBean1" class="com.virtusa.spring.pojo.Novel">  
    <property name="novelId" value = "200"/>  
    <property name="novelName" value="Titanic"/>  
    <property name="novelCost" value="500"/>   
    </bean>
      
       <bean id="novelBean2" class="com.virtusa.spring.pojo.Novel">  
    <property name="novelId" value = "201"/>  
    <property name="novelName" value="Titanic2"/>  
    <property name="novelCost" value="550"/>   
    </bean>
    
     <bean id="novelBean3" class="com.virtusa.spring.pojo.Novel">  
    <property name="novelId" value = "202"/>  
    <property name="novelName" value="Titanic3"/>  
    <property name="novelCost" value="600"/>   
    </bean>
    
    
      <!--  Inheritance -->  
    
   	<bean id="baseBookBeanParent" class="com.virtusa.spring.pojo.BaseBook">  
 		<property name="id" value = "200"/>  
    	<property name="title" value="Titanic3"/>  
    	<property name="author" value="Kiran"/>   
	</bean>  
  
	<bean id="bookBean" class="com.virtusa.spring.pojo.Book">  
    	<property name="properties" value="something"/>  
	</bean> 
  
	<bean id="baseBookBean" class="com.virtusa.spring.pojo.BaseBook" parent="baseBookBeanParent">  
</bean>  


    </beans>  