<?xml version="1.0" encoding="UTF-8"?>
<!DOCTYPE hibernate-configuration PUBLIC
        "-//Hibernate/Hibernate Configuration DTD 3.0//EN"
        "http://hibernate.org/dtd/hibernate-configuration-3.0.dtd">
<hibernate-configuration>
    <session-factory>
    	<property name="hibernate.connection.driver_class">com.mysql.jdbc.Driver</property>
        <property name="hibernate.connection.url">jdbc:mysql://localhost:3306/cmdline?createDatabaseIfNotExist=true</property>
        <property name="hibernate.connection.username">root</property>
        <property name="hibernate.connection.password">root</property>
        <property name="hibernate.dialect">org.hibernate.dialect.MySQL5Dialect</property>
        <property name="hibernate.connection.pool_size">1</property>
        <property name="hibernate.current_session_context_class">thread</property>
        <property name="hibernate.show_sql">true</property>
         <property name="format_sql">true</property>
        <property name="hbm2ddl.auto">create</property>
       
       
      <!--    <mapping class="com.virtusa.hibernate.entity.Employee" /> 
           <mapping class="com.virtusa.hibernate.entity.Employee1" />
         <mapping class="com.virtusa.hibernate.entity.Developer" />
        <mapping class="com.virtusa.hibernate.entity.Tester" />
         <mapping class="com.virtusa.hibernate.entity.CompositeKey" />
          <mapping class="com.virtusa.hibernate.entity.Teacher" />
         
         
         <mapping class="com.virtusa.hibernate.manytomany.Mobile" />
         <mapping class="com.virtusa.hibernate.manytomany.Person" />
         
          <mapping class="com.virtusa.hibernate.manytoone.College" />
         <mapping class="com.virtusa.hibernate.manytoone.Student" /> 
         
          <mapping class="com.virtusa.hibernate.onetoone.ValidityCertificate" />
         <mapping class="com.virtusa.hibernate.onetoone.Person1" /> 
         
           <mapping class="com.virtusa.hibernate.onetomany.Company" />
         <mapping class="com.virtusa.hibernate.onetomany.Products" /> -->
         <mapping class="com.virtusa.hibernate.entity.CompositeKey" />
         
         
           
    </session-factory>
</hibernate-configuration>