<?xml version="1.0" encoding="UTF-8"?>
<beans xmlns = "http://www.springframework.org/schema/beans"
   xmlns:xsi = "http://www.w3.org/2001/XMLSchema-instance"
   xsi:schemaLocation = "http://www.springframework.org/schema/beans
   http://www.springframework.org/schema/beans/spring-beans-3.0.xsd">

   <!-- A simple bean definition 
   
<bean id="dev" class="springpractice.Dev" parent="employee">
<property name="name" value="abhi"></property>
<property name="company" value="virtusa"></property>
</bean>-->
<bean id="spell" class="springpractice.SpellCheck">
</bean>
<bean id="save" class="springpractice.AutoSave"></bean>
<bean id="msWord" class="springpractice.MSWord">
<property name="spellCheck" ref="spell"></property>
<property name="autoSave" ref="save"></property>
</bean>
   <!-- more bean definitions go here -->
   
</beans>