<?xml version="1.0" encoding="UTF-8"?>
<beans xmlns="http://www.springframework.org/schema/beans"
	xmlns:xsi="http://www.w3.org/2001/XMLSchema-instance"
	xmlns:c="http://www.springframework.org/schema/c"
	xmlns:p="http://www.springframework.org/schema/p"
	xmlns:tx="http://www.springframework.org/schema/tx"
	xsi:schemaLocation="http://www.springframework.org/schema/beans
	http://www.springframework.org/schema/beans/spring-beans.xsd
	http://www.springframework.org/schema/tx
	http://www.springframework.org/schema/tx/spring-tx.xsd">
	


	<bean id="userBean" class="com.virtusa.spring.hibernate.User"
		p:id="2" p:username="naveenma" p:email="naveen@virtusa.com"
		p:password="navin" />


	<bean id="userDAO"
		class="com.virtusa.spring.hibernate.UserDAOImpl"
		p:sessionFactory-ref="sessionFactory" />

	<bean id="dataSource"
		class="org.springframework.jdbc.datasource.DriverManagerDataSource"
		p:driverClassName="com.mysql.cj.jdbc.Driver"
		p:url="jdbc:mysql://localhost:3306/springhibernate" p:username="root"
		p:password="Naveen@369" />

	<bean id="sessionFactory"
	
		class="org.springframework.orm.hibernate5.LocalSessionFactoryBean">
		 <property name="dataSource" ref="dataSource" />
		<property name="configLocations" value="hibernate.cfg.xml" />
	</bean>
	
	
	<bean id="transactionManager"
		class="org.springframework.orm.hibernate5.HibernateTransactionManager"
		p:sessionFactory-ref="sessionFactory" />

	<!-- more bean definitions go here -->
</beans>