<?xml version="1.0" encoding="utf-8"?>
<!DOCTYPE hibernate-configuration PUBLIC
"-//Hibernate/Hibernate Configuration DTD 3.0//EN"
"http://www.hibernate.org/dtd/hibernate-configuration-3.0.dtd">

<hibernate-configuration>
	<session-factory>
		<property name="hibernate.dialect">org.hibernate.dialect.MySQLDialect</property>
		<property name="hibernate.connection.driver_class">com.mysql.jdbc.Driver</property>
		<property name="hibernate.connection.url">jdbc:mysql://localhost:3306/hibernate</property>
		<property name="hibernate.connection.username">shubham</property>
		<property name="hibernate.connection.password">root</property>
		
		<property name="show_sql">true</property>
		
		<property name="format_sql">true</property>
		
		<property name="hbm2ddl.auto">update</property>
		
		<mapping class="com.shubham.onetoone.Car" />
		<mapping class="com.shubham.onetoone.Feature" />
	</session-factory>
</hibernate-configuration>