<?xml version="1.0" encoding="UTF-8"?>
<beans xmlns = "http://www.springframework.org/schema/beans"
   xmlns:xsi = "http://www.w3.org/2001/XMLSchema-instance"
   xsi:schemaLocation = "http://www.springframework.org/schema/beans
   http://www.springframework.org/schema/beans/spring-beans-3.0.xsd">

   <!-- A simple bean definition -->
   <bean id = "bean" name="first" class = "springpractice.FirstBean" lazy-init="default" scope = "prototype">
   <constructor-arg value="hello spring"></constructor-arg>
   <constructor-arg ref="date"></constructor-arg>
   <constructor-arg ref="address"></constructor-arg>
   <property name="message" value="setter"></property>
   <property name="integer" value="3"></property>
   <property name="array" value="1,2,3,4,5,6">
  <!-- <list>
   <value>1</value>
   <value>1</value>
   <value>1</value>
   <value>1</value>
   <value>1</value>
   </list> -->
   </property>
   <property name="cars">
   <list>
   <value>lamborghini</value>
    <value>buggati</value>
     <value>ferrari</value>
   </list>
   </property>
   <property name="set" ref = "treeset"> </property>
   </bean>
   <bean id="address" class = "springpractice.Address">
   <property name="colony" value="krishnaveni nagar"></property>
   <property name="state" value="Tamil nadu"></property>
   <property name="country" value="India"></property>
   </bean>
   <bean id="treeset" class="java.util.TreeSet">
   <constructor-arg>
   <set>
   <value>5</value>
   <value>2</value>
   <value>1</value>
   <value>3</value>
   </set>
   </constructor-arg>
   </bean>
   <alias name="first" alias="second"/>
   <bean id="bean2"  class="springpractice.FirstBean"></bean>
   <bean id="date" class = "java.util.Date"></bean>
   <bean id = "employee" class="springpractice.Employee">
   <property name="empid" value="101"></property>
   </bean>
<import resource="second.xml"/>
   

   <!-- more bean definitions go here -->
   
</beans>