<?xml version="1.0" encoding="utf-8"?>
<!DOCTYPE hibernate-configuration PUBLIC
"-//Hibernate/Hibernate Configuration DTD 3.0//EN"
"http://www.hibernate.org/dtd/hibernate-configuration-3.0.dtd">

<hibernate-configuration>
	<session-factory>
		<property name="hibernate.dialect">org.hibernate.dialect.MySQLDialect</property>
		<property name="hibernate.connection.driver_class">com.mysql.jdbc.Driver</property>
		<property name="hibernate.connection.url">jdbc:mysql://localhost:3306/hibernate</property>
		<property name="hibernate.connection.username">shubham</property>
		<property name="hibernate.connection.password">root</property>
		
		<property name="show_sql">true</property>
		
		<property name="format_sql">true</property>
		
		<property name="hbm2ddl.auto">update</property>
		
		<property name="cache.use_second_level_cache">true</property>   
        <property name="cache.region.factory_class">org.hibernate.cache.ehcache.EhCacheRegionFactory</property> 
	
		<mapping class="com.shubham.cache.Car" />
		<mapping class="com.shubham.cache.Feature" />
		
		<mapping class="com.shubham.namedQuery.Car" />
		<mapping class="com.shubham.namedQuery.Feature" />
		
		<mapping class="com.shubham.plSql.College" />
		<mapping class="com.shubham.plSql.Student" />
	</session-factory>
</hibernate-configuration>