<?xml version="1.0" encoding="UTF-8"?>
<beans xmlns="http://www.springframework.org/schema/beans"
		 xmlns:p="http://www.springframework.org/schema/p"
		  xmlns:c="http://www.springframework.org/schema/c"
       xmlns:xsi="http://www.w3.org/2001/XMLSchema-instance"
       xmlns:context="http://www.springframework.org/schema/context"
       xsi:schemaLocation="http://www.springframework.org/schema/beans 
           http://www.springframework.org/schema/beans/spring-beans-3.0.xsd
           http://www.springframework.org/schema/context
           http://www.springframework.org/schema/context/spring-context-3.0.xsd">
               
     <context:annotation-config/>
     <context:component-scan base-package="com.virtusa"/>
     <bean id = "movieBean" class = "com.virtusa.spring.pojo.Movie"
    	p:movieName="Titanic"
    	p:releaseYear="1997"/>
    	
    <bean id = "movieFinder" class = "com.virtusa.spring.pojo.MovieFinder"
    	p:searchName="Titanic"
    	p:year="1997"/>
    	
    	
    <!-- By default spring IoC container Scope  is singleton -->	
  <!--  	<bean id="novelBean" class="com.virtusa.spring.pojo.Novel">  
    <property name="novelId" value = "202"/>  
    <property name="novelName" value="Titanic3"/>  
    <property name="novelCost" value="600"/>   
    </bean>
    -->  
    
    <!-- Now spring IoC container Scope is Prototype -->	
    <bean id="novelBeanPrototype" class="com.virtusa.spring.pojo.Novel" scope="prototype">  
    <property name="novelId" value = "202"/>  
    <property name="novelName" value="Titanic3"/>  
    <property name="novelCost" value="600"/>   
    </bean>
     
</beans>  