<?xml version="1.0" encoding="UTF-8"?>
<!DOCTYPE hibernate-configuration PUBLIC
        "-//Hibernate/Hibernate Configuration DTD 3.0//EN"
        "http://hibernate.org/dtd/hibernate-configuration-3.0.dtd">
<hibernate-configuration>
    <session-factory>
        <property name="hibernate.connection.pool_size">2</property>
        <property name="hibernate.connection.autocommit">true</property>
        <property name="hibernate.current_session_context_class">thread</property>
        <property name="hibernate.show_sql">true</property>
        <property name="hibernate.dialect">org.hibernate.dialect.MySQL8Dialect</property>
        <property name="hbm2ddl.auto">create</property>
        <mapping class="com.virtusa.spring.onetomany.Category"/>
        <mapping class="com.virtusa.spring.onetomany.Product"/>

    </session-factory>
</hibernate-configuration>