<?xml version="1.0" encoding="UTF-8"?>
<beans xmlns="http://www.springframework.org/schema/beans"
	xmlns:xsi="http://www.w3.org/2001/XMLSchema-instance"
	xmlns:c="http://www.springframework.org/schema/c"
	xmlns:p="http://www.springframework.org/schema/p"
	xmlns:tx="http://www.springframework.org/schema/tx"
	xmlns:context="http://www.springframework.org/schema/context"
	xsi:schemaLocation="http://www.springframework.org/schema/beans
	http://www.springframework.org/schema/beans/spring-beans.xsd
	http://www.springframework.org/schema/tx
	http://www.springframework.org/schema/tx/spring-tx.xsd
	 http://www.springframework.org/schema/context 
    http://www.springframework.org/schema/context/spring-context.xsd">

	<context:annotation-config />
	<tx:annotation-driven />

	<bean id="customer" class="com.virtusa.spring.onetomany.Category">
		<property name="name" value="naveen" />
		<property name="products">
			<set>
				<ref bean="product1" />
				<ref bean="product2" />
			</set>
		</property>
	</bean>
	<bean id="product1" class="com.virtusa.spring.onetomany.Product"
		p:name="mobile" p:price="5468" />

	<bean id="product2" class="com.virtusa.spring.onetomany.Product"
		p:name="laptop" p:price="65478" />


	<bean id="productRepository"
		class="com.virtusa.spring.onetomany.ProductRepository"
		p:sessionFactory-ref="sessionFactory" />

	<bean id="dataSource"
		class="org.springframework.jdbc.datasource.DriverManagerDataSource"
		p:driverClassName="com.mysql.cj.jdbc.Driver"
		p:url="jdbc:mysql://localhost:3306/hiberspring" p:username="root"
		p:password="Naveen@369" />

	<bean id="sessionFactory"
		class="org.springframework.orm.hibernate5.LocalSessionFactoryBean">
		<property name="dataSource" ref="dataSource" />
		<property name="configLocations" value="hibernate.cfg.xml" />
	</bean>


	<bean id="transactionManager"
		class="org.springframework.orm.hibernate5.HibernateTransactionManager"
		p:sessionFactory-ref="sessionFactory" />

	<!-- more bean definitions go here -->
</beans>