<?xml version="1.0" encoding="UTF-8"?>

<beans xmlns="http://www.springframework.org/schema/beans"
	xmlns:xsi="http://www.w3.org/2001/XMLSchema-instance" xmlns:tx="http://www.springframework.org/schema/tx"
	xmlns:context="http://www.springframework.org/schema/context"
	xsi:schemaLocation="http://www.springframework.org/schema/beans
   http://www.springframework.org/schema/beans/spring-beans-3.0.xsd
   http://www.springframework.org/schema/tx
   https://www.springframework.org/tx/spring-tx.xsd
    http://www.springframework.org/schema/context
   https://www.springframework.org/context/spring-context.xsd">
	
	<context:annotation-config />
	<context:component-scan base-package="com.virtusa" />
	<tx:annotation-driven />

	<bean id="driverManagerDataSource"
		class="org.springframework.jdbc.datasource.DriverManagerDataSource">
		<property name="driverClassName" value="com.mysql.jdbc.Driver" />
		<property name="url" value="jdbc:mysql://localhost:3306/springdatabase" />
		<property name="username" value="root" />
		<property name="password" value="root" />
	</bean>

	<bean id="entityManagerFactory"
		class="org.springframework.orm.jpa.LocalContainerEntityManagerFactoryBean">

		<property name="dataSource">
			<ref bean="driverManagerDataSource" />
		</property>

		<property name="packagesToScan">
			<list>
				<value>com.virtusa.spring.model</value>
			</list>
		</property>

		<property name="jpaVendorAdapter">

			<bean class="org.springframework.orm.jpa.vendor.HibernateJpaVendorAdapter">

				<property name="generateDdl" value="true" />
				<property name="showSql" value="true" />

			</bean>

		</property>

	</bean>

	<bean id="transactionManager" class="org.springframework.orm.jpa.JpaTransactionManager">
		<property name="entityManagerFactory" ref="entityManagerFactory"></property>
	</bean>

	<bean id="customer1" class="com.virtusa.spring.model.Customer">
		<property name="customerName" value="Sriram Prakash"></property>
		<property name="productsList">
			<list>
				<ref bean="product1" />
				<ref bean="product2" />
			</list>
		</property>
	</bean>

	<bean id="customer2" class="com.virtusa.spring.model.Customer">
		<property name="customerName" value="Thumu Sriram Prakash"></property>
		<property name="productsList">
			<list>
				<ref bean="product1" />
				<ref bean="product2" />
			</list>
		</property>
	</bean>
	
	<bean id="customer3" class="com.virtusa.spring.model.Customer">
		<property name="customerId" value="2"></property>
		<property name="customerName" value="Sriram"></property>
		<property name="productsList">
			<list>
				<ref bean="product1" />
				<ref bean="product2" />
			</list>
		</property>
	</bean>

	<bean id="product1" class="com.virtusa.spring.model.Product">
		<property name="productName" value="Mobile"></property>
	</bean>

	<bean id="product2" class="com.virtusa.spring.model.Product">
		<property name="productName" value="Laptop"></property>
	</bean>

</beans>
