<?xml version="1.0" encoding="UTF-8"?>  
<beans  
    xmlns="http://www.springframework.org/schema/beans"  
    xmlns:xsi="http://www.w3.org/2001/XMLSchema-instance"  
    xmlns:p="http://www.springframework.org/schema/p"  
    xsi:schemaLocation="http://www.springframework.org/schema/beans  
               http://www.springframework.org/schema/beans/spring-beans-3.0.xsd">  
  
<bean id="triangle" class="com.virtusa.twoclass.interfac.Triangle">
<property name="PointA" ref="PointA"/>
<property name="PointB" ref="PointB"/>
</bean > 

<bean id="PointA" class="com.virtusa.twoclass.interfac.Point">
<property name="x" value="0"/>
<property name="y" value="0"/>
</bean>

<bean id="PointB" class="com.virtusa.twoclass.interfac.Point">
<property name="x" value="20"/>
<property name="y" value="0"/>
</bean>

<bean id="circle" class="com.virtusa.twoclass.interfac.Circle">
<property name="center" ref="PointA"/>
</bean > 
</beans>