<?xml version = "1.0" encoding = "UTF-8"?>

<beans xmlns = "http://www.springframework.org/schema/beans"
   xmlns:xsi = "http://www.w3.org/2001/XMLSchema-instance"
   xmlns:context = "http://www.springframework.org/schema/context"
   xsi:schemaLocation = "http://www.springframework.org/schema/beans
   http://www.springframework.org/schema/beans/spring-beans-3.0.xsd
   http://www.springframework.org/schema/context
   http://www.springframework.org/schema/context/spring-context-3.0.xsd">

   <context:annotation-config/>


   <bean id = "emp" class = "com.shubham.bean.EmpConfig"></bean>


   <bean id = "employee1" class = "com.shubham.bean.Employee">
      <property name = "id" value = "1" />
      <property name = "name" value = "Shubham"/>
      <property name = "salary" value = "20000"/>
   </bean>


 <bean id = "employee2" class = "com.shubham.bean.Employee">
     <constructor-arg value="2"></constructor-arg>  
     <constructor-arg value="Aman"></constructor-arg>  
     <constructor-arg value="21000"></constructor-arg>  
   </bean>

</beans>