<?xml version = "1.0" encoding = "utf-8"?>
<!DOCTYPE hibernate-mapping PUBLIC 
"-//Hibernate/Hibernate Mapping DTD//EN"
"http://www.hibernate.org/dtd/hibernate-mapping-3.0.dtd"> 
<hibernate-mapping>
<class name="com.virtusa.hibernate.composite.Course" table="course">
<composite-id>
<key-property name="cid" column="id" >
</key-property>
<key-property name="name" column="name"  length="50"/>
</composite-id>
<property name="price" />
<property name="author_name" />
</class>
</hibernate-mapping>