<?xml version="1.0" encoding="UTF-8"?>


<beans xmlns="http://www.springframework.org/schema/beans"
	xmlns:xsi="http://www.w3.org/2001/XMLSchema-instance" xmlns:context="http://www.springframework.org/schema/context"
	xsi:schemaLocation="http://www.springframework.org/schema/beans
   http://www.springframework.org/schema/beans/spring-beans-3.0.xsd
   http://www.springframework.org/schema/context
	http://www.springframework.org/schema/context/spring-context-3.0.xsd">

	<context:annotation-config />


	<bean id="guest" class="com.virtusa.spring.bean.Guest" scope="singleton">
		<property name="guestId" value="101" />
		<property name="guestName" value="Sriram" />
		<property name="email" value="sriram@gmail.com" />
		<property name="password" value="sriram123" />
		<property name="addressList">
			<list>
				<ref bean="address1" />
				<ref bean="address2" />
			</list>
		</property>

	</bean>

	<bean id="address1" class="com.virtusa.spring.bean.Address" scope="prototype">
		<property name="dNo" value="6-235" />
		<property name="street" value="Porur" />
		<property name="district" value="Cheannai" />
		<property name="state" value="TamilNadu" />
		<property name="pincode" value="600089" />
	</bean>

	<bean id="address2" class="com.virtusa.spring.bean.Address">
		<property name="dNo" value="6-875" />
		<property name="street" value="Panjagutta" />
		<property name="district" value="Hyderabad" />
		<property name="state" value="Telangana" />
		<property name="pincode" value="500082" />
	</bean>


</beans>
   