<?xml version="1.0"?>
<!DOCTYPE hibernate-mapping PUBLIC
"-//Hibernate/Hibernate Mapping DTD 3.0//EN"
"http://hibernate.sourceforge.net/hibernate-mapping-3.0.dtd">

<hibernate-mapping>
<class name="com.shubham.type3.Music" table="music">

<composite-id>
<key-property name="id" column="id"  />
<key-property name="songName" column="songname" length="20" />
<key-property name="album" column="album" length="20" />
</composite-id>

<property name="singer"/>

</class>
</hibernate-mapping>