<?xml version="1.0" encoding="UTF-8"?>  
<beans  
    xmlns="http://www.springframework.org/schema/beans"  
    xmlns:xsi="http://www.w3.org/2001/XMLSchema-instance"  
    xmlns:p="http://www.springframework.org/schema/p"  
    xsi:schemaLocation="http://www.springframework.org/schema/beans  
               http://www.springframework.org/schema/beans/spring-beans-3.0.xsd">  
  
<bean id="employee" class="com.employee.inheritance.Employee">  
<property name="employeeId" value="111"></property>
<property name="employeeName" value="Vimal Jaiswal"></property> 
<property name="salary" value="22000"></property>
</bean>  
  
<bean id="developer" class="com.employee.inheritance.Developer" parent="employee">  
<property name="designation" value="java Developer"></property>
</bean>  
</beans>