<?xml version="1.0" encoding="UTF-8"?>


<beans xmlns="http://www.springframework.org/schema/beans"
	xmlns:xsi="http://www.w3.org/2001/XMLSchema-instance"
	xsi:schemaLocation="http://www.springframework.org/schema/beans
   http://www.springframework.org/schema/beans/spring-beans-3.0.xsd">


	<bean id="employee1" class="com.virtusa.spring.bean.Employee">
		<property name="empId" value="105"></property>
		<property name="empName" value="Sriram Prakash"></property>
		<property name="salary" value="20000"></property>
	</bean>
	
	<bean id="employee2" class="com.virtusa.spring.bean.Employee">
		<property name="empId" value="106"></property>
		<property name="empName" value="Sriram Prakash Thumu"></property>
		<property name="salary" value="18500"></property>
	</bean>

	<bean id="ds" class="org.springframework.jdbc.datasource.DriverManagerDataSource">
		<property name="driverClassName" value="com.mysql.jdbc.Driver" />
		<property name="url" value="jdbc:mysql://localhost:3306/springdatabase" />
		<property name="username" value="root" />
		<property name="password" value="root" />
	</bean>

	<bean id="jdbcTemplate" class="org.springframework.jdbc.core.JdbcTemplate">
		<property name="dataSource" ref="ds"></property>
	</bean>

	<bean id="employeeDAO" class="com.virtusa.spring.dao.EmployeeDAO">
		<property name="jdbcTemplate" ref="jdbcTemplate"></property>
	</bean>


</beans>
