<?xml version="1.0" encoding="UTF-8"?>
<beans xmlns="http://www.springframework.org/schema/beans"
	xmlns:xsi="http://www.w3.org/2001/XMLSchema-instance"
	xmlns:p="http://www.springframework.org/schema/p"
	xsi:schemaLocation="http://www.springframework.org/schema/beans  
               http://www.springframework.org/schema/beans/spring-beans-3.0.xsd">

	<bean id="car" class="com.virtusa.autowiring.Car">
		<property name="carId" value="2345" />
		<property name="carName" value="Skoda" />
	</bean>

	<bean id="driver" class="com.virtusa.autowiring.Driver">
		<property name="dId" value="123" />
		<property name="dName" value="Saroj" />
	</bean>

	<bean id="payment" class="com.virtusa.autowiring.Payment">
		<property name="paymentId" value="6432" />
		<property name="paymentType" value="Cash" />
		<property name="amount" value="250" />
	</bean>

	<bean id="ola" class="com.virtusa.autowiring.Ola"
		autowire="byName">
		<property name="bookingId" value="2431" />
		<property name="car" ref="car" />
		<property name="driver" ref="driver" />
		<property name="payment" ref="payment" />
	</bean>

</beans>
