<?xml version="1.0" encoding="UTF-8"?>
<beans xmlns="http://www.springframework.org/schema/beans"
	xmlns:xsi="http://www.w3.org/2001/XMLSchema-instance"
	xmlns:p="http://www.springframework.org/schema/p"
	xsi:schemaLocation="http://www.springframework.org/schema/beans  
               http://www.springframework.org/schema/beans/spring-beans-3.0.xsd">

	<!-- <bean id="studentbean" class="com.virtusa.springcore.Student">
		<property name="id" value="12"></property>
		<property name="name">
			<value>vimal Jaiswal</value>
		</property>
		<property name="mobile" value="8962118957" />
	</bean>

	<bean id="address"
		class="com.virtusa.constructorinjection.Address">
		<constructor-arg value="Chennai" index="0" />
		<constructor-arg value="Tamilnadu" index="1" />
		<constructor-arg value="India" index="2" />
	</bean>

	<bean id="address1"
		class="com.virtusa.constructorinjection.Address">
		<constructor-arg value="Chennai" index="0" />
		<constructor-arg value="Tamilnadu" index="1" />
		<constructor-arg value="India" index="2" />
	</bean>

	<bean id="employeebean"
		class="com.virtusa.constructorinjection.Employee">
		<constructor-arg value="12" type="int" />
		<constructor-arg value="Deepak" />
		<constructor-arg>
			<list>
				<ref bean="address" />
				<ref bean="address1" />
			</list>
		</constructor-arg>
	</bean>

	<bean id="employeebean1"
		class="com.virtusa.constructorinjection.Employee">
		<constructor-arg value="12" type="int" />
		<constructor-arg value="Deepak" />
		<constructor-arg>
			<ref bean="address" />
		</constructor-arg>
	</bean>

	<bean id="employeebean2" class="com.virtusa.collection.Employee">
		<constructor-arg value="12" type="int" index="0" />
		<constructor-arg value="Deepak" index="1" />
		<constructor-arg value="8963211456" type="long"
			index="2" />
		<constructor-arg index="3">
			<ref bean="address2" />
		</constructor-arg>
	</bean>

	<bean id="address2" class="com.virtusa.collection.Address">
		<constructor-arg value="Chennai" index="0" />
		<constructor-arg value="Tamilnadu" index="1" />
		<constructor-arg value="India" index="2" />
	</bean>

	<bean id="company" class="com.virtusa.collection.Company">
		<property name="cId" value="101" />
		<property name="cName" value="Telusko" />
		<property name="employee">
			<list>
				<ref bean="employeebean2" />
				<ref bean="employeebean2" />
				<ref bean="employeebean2" />
			</list>
		</property>
	</bean>
 -->
	<bean id="college" class="com.virtusa.mapcollection.College">
		<property name="id" value="0199" />
		<property name="name" value="Tit" />
		<property name="student">
			<map>
				<entry key="12" value="Deepak" />
				<entry key="10" value="Ahmer" />
				<entry key="13" value="Diwakar" />
			</map>
		</property>

	</bean>

</beans>  