<?xml version="1.0" encoding="UTF-8"?>
<!DOCTYPE hibernate-configuration PUBLIC
        "-//Hibernate/Hibernate Configuration DTD 3.0//EN"
        "http://hibernate.org/dtd/hibernate-configuration-3.0.dtd">
<hibernate-configuration>
    <session-factory>
        <property name="hibernate.connection.driver_class">com.mysql.cj.jdbc.Driver</property>
        <property name="hibernate.connection.url">jdbc:mysql://localhost:3306/hibermaven</property>
        <property name="hibernate.connection.username">root</property>
        <property name="hibernate.connection.password">Naveen@369</property>
        <property name="hibernate.connection.pool_size">2</property>
        <property name="hibernate.connection.autocommit">true</property>
        <property name="hibernate.cache.use_second_level_cache">true</property>
        <property name="hibernate.cache.region.factory_class">org.hibernate.cache.ehcache.EhCacheRegionFactory</property>
        <property name="hibernate.current_session_context_class">thread</property>
        <property name="hibernate.show_sql">true</property>
        <property name="hibernate.dialect">org.hibernate.dialect.MySQL8Dialect</property>
        <property name="hbm2ddl.auto">create</property>
	<mapping class="com.virtusa.hibernate.hql.ProductList"/>
        <mapping class="com.virtusa.hibernate.hql.Category"/>
       

    </session-factory>
</hibernate-configuration>