<?xml version="1.0" encoding="UTF-8"?>

<beans xmlns="http://www.springframework.org/schema/beans"
	xmlns:xsi="http://www.w3.org/2001/XMLSchema-instance" xmlns:tx="http://www.springframework.org/schema/tx"
	xsi:schemaLocation="http://www.springframework.org/schema/beans
   http://www.springframework.org/schema/beans/spring-beans-3.0.xsd
   http://www.springframework.org/schema/tx
   https://www.springframework.org/tx/spring-tx.xsd">

	<tx:annotation-driven />

	<bean id="dataSource"
		class="org.springframework.jdbc.datasource.DriverManagerDataSource">
		<property name="driverClassName" value="com.mysql.jdbc.Driver" />
		<property name="url" value="jdbc:mysql://localhost:3306/springdatabase" />
		<property name="username" value="root" />
		<property name="password" value="root" />
	</bean>

	<bean id="sessionFactory"
		class="org.springframework.orm.hibernate4.LocalSessionFactoryBean">

		<property name="dataSource">
			<ref bean="dataSource" />
		</property>

		<property name="packagesToScan">
			<list>
				<value>com.virtusa.model</value>
			</list>
		</property>

		<property name="hibernateProperties">
			<props>
				<!-- <prop key="connection.pool_size">1</prop> -->
				<prop key="hibernate.dialect">org.hibernate.dialect.MySQL5Dialect</prop>
				<prop key="hibernate.hbm2ddl.auto">create</prop>
				<prop key="hibernate.show_sql">true</prop>

			</props>
		</property>

	</bean>

	<bean id="transactionManager"
		class="org.springframework.orm.hibernate4.HibernateTransactionManager">
		<property name="sessionFactory" ref="sessionFactory"></property>
	</bean>

	<bean id="template" class="org.springframework.orm.hibernate4.HibernateTemplate">
		<property name="sessionFactory" ref="sessionFactory"></property>
		<property name="checkWriteOperations" value="false"></property>
	</bean>

	<bean id="customer1" class="com.virtusa.model.Customer">
		<property name="customerId" value="1004"></property>
		<property name="customerName" value="Sriram Prakash"></property>
		<property name="productsList">
			<list>
				<ref bean="product1" />
				<ref bean="product2" />
			</list>
		</property>
	</bean>

	<bean id="customer2" class="com.virtusa.model.Customer">
		<property name="customerId" value="1005"></property>
		<property name="customerName" value="Thumu Sriram Prakash"></property>
		<property name="productsList">
			<list>
				<ref bean="product1" />
				<ref bean="product2" />
			</list>
		</property>
	</bean>
	
	<bean id="customer3" class="com.virtusa.model.Customer">
		<property name="customerId" value="1005"></property>
		<property name="customerName" value="Sriram"></property>
		<property name="productsList">
			<list>
				<ref bean="product1" />
				<ref bean="product2" />
			</list>
		</property>
	</bean>

	<bean id="product1" class="com.virtusa.model.Product">
		<property name="productId" value="101"></property>
		<property name="productName" value="Mobile"></property>
	</bean>

	<bean id="product2" class="com.virtusa.model.Product">
		<property name="productId" value="102"></property>
		<property name="productName" value="Laptop"></property>
	</bean>

	<bean id="CustomerDao" class="com.virtusa.dao.CustomerDao">
		<property name="template" ref="template"></property>
	</bean>

</beans>
