<?xml version = "1.0" encoding = "utf-8"?>
<!DOCTYPE hibernate-configuration SYSTEM 
"http://www.hibernate.org/dtd/hibernate-configuration-3.0.dtd">
<hibernate-configuration>
	<session-factory>
	
<!--  db specific properties  -->		
<property name="hibernate.connection.driver_class">com.mysql.jdbc.Driver</property>
		<property name="hibernate.connection.url">jdbc:mysql://localhost:3306/onetomany2?createDatabaseIfNotExist=true</property>
		<property name="hibernate.connection.username">root</property>
		<property name="hibernate.connection.password">root</property>
		<property name="hibernate.connection.pool-size">1</property>
		<!-- hibernate specific properties-->	
	          <!--  dialect is for hibernate to generate query based on database used--> 
		<property name="hibernate.dialect">org.hibernate.dialect.MySQL5Dialect</property>		
		<property name="show_sql">true</property>
		<property name="format_sql">true</property>
		<property name="hbm2ddl.auto">create-drop</property> 
	
       <!--   <mapping class="com.virtusa.hibernate.onetomany.Cart"/>
	<mapping class="com.virtusa.hibernate.onetomany.Items"/> 
	 -->
	
	<!--   <mapping class="com.virtusa.hebernate.manytomany.Courses"/>
		<mapping class="com.virtusa.hebernate.manytomany.Student"/> 
		-->
	 
		
		 <mapping class="com.virtusa.hibernate.manytoone.Vehicle"/>
		<mapping class="com.virtusa.hibernate.manytoone.Owner"/> 
		
	 
		 <!--   <mapping class="com.virtusa.hibernate.onetoone.Teacher"/>
		<mapping class="com.virtusa.hibernate.onetoone.TeacherDetails"/>
		-->
		 <!-- <mapping class="com.virtusa.hibernate.inheritance.Developer"/> 
		<mapping class="com.virtusa.hibernate.inheritance.Employee"/>
		<mapping class="com.virtusa.hibernate.inheritance.Tester"/>
		 -->
		<!--  <mapping class="com.virtusa.hibernate.embedded.Employee"/> 
		<mapping class="com.virtusa.hibernate.embedded.Address"/>
		  -->
		 <!--  <mapping resource="hibernate.hbm.xml"/>  -->
		<!-- <mapping class="com.virtusa.hibernate.oneclassmultitable.Author"/> -->
	
	</session-factory>
</hibernate-configuration>