<?xml version="1.0" encoding="UTF-8"?>

<beans xmlns="http://www.springframework.org/schema/beans"
	xmlns:xsi="http://www.w3.org/2001/XMLSchema-instance"
	xsi:schemaLocation="http://www.springframework.org/schema/beans
   http://www.springframework.org/schema/beans/spring-beans-3.0.xsd">

	<bean id="idguest" class="com.virtusa.spring.bean.Guest">

		<property name="guestId" value="101"></property>
		<property name="name" value="Prakash"></property>
		<property name="projectsList">
			<list>
				<value>Hibernate</value>
				<value>Spring</value>
				<value>Java</value>
			</list>
		</property>
		<property name="addressList">
			<list>
				<ref bean="address1" />
				<ref bean="address2" />
			</list>
		</property>
		<property name="phoneNos">
			<set>
				<value>9876543210</value>
				<value>1234567890</value>
			</set>
		</property>
		<property name="debitCards">
			<map>
				<entry key="1234" value="SBI" />
				<entry key="4567" value="HDFC" />
				<entry key="4789" value="ICICI" />
				<entry key="5879" value="CITI" />
			</map>
		</property>
	</bean>

	<bean id="address1" class="com.virtusa.spring.bean.Address">
		<property name="dNo" value="6-765"></property>
		<property name="street" value="Porur"></property>
		<property name="district" value="Chennai"></property>
		<property name="state" value="TamilNadu"></property>
		<property name="pincode" value="600089"></property>
	</bean>

	<bean id="address2" class="com.virtusa.spring.bean.Address">
		<property name="dNo" value="8-745"></property>
		<property name="street" value="Panjagutta"></property>
		<property name="district" value="Hyderabad"></property>
		<property name="state" value="Telangana"></property>
		<property name="pincode" value="500082"></property>
	</bean>

</beans>