<?xml version="1.0" encoding="UTF-8"?>
<beans xmlns="http://www.springframework.org/schema/beans"
	xmlns:xsi="http://www.w3.org/2001/XMLSchema-instance"
	xmlns:c="http://www.springframework.org/schema/c"
	xmlns:p="http://www.springframework.org/schema/p"

	xsi:schemaLocation="http://www.springframework.org/schema/beans
 http://www.springframework.org/schema/beans/spring-beans.xsd">


	<bean id="personBean" class="com.virtusa.spring.Person"
		c:firstName="Dravid" c:middleName="Ramesh" c:lastName="Rahul"
		c:address-ref="address" />

	<bean id="address" class="com.virtusa.spring.Address"
		c:doorNo="3-5-34" c:city="hyderabad" c:country="India"
		c:pincode="517602" />


	<bean id="applicantBean" class="com.virtusa.spring.Applicant"
		parent="personBean" c:noOfMessages="100">
		<constructor-arg name="strMessages">
			<array>
				<value>Hi</value>
				<value>Hello</value>
				<value>bye</value>
				<value>goodbye</value>
			</array>
		</constructor-arg>
		<constructor-arg name="numberList">
			<list>
				<value>4567</value>
				<value>4571</value>
				<value>8976</value>
				<value>7146</value>
			</list>
		</constructor-arg>
		<constructor-arg name="firstName" value="Ramesh"></constructor-arg>
		<constructor-arg name="lastName" value="suresh"></constructor-arg>
	</bean>


	<!-- more bean definitions go here -->
</beans>