<?xml version="1.0" encoding="utf-8"?>

<beans xmlns="http://www.springframework.org/schema/beans"
       xmlns:xsi="http://www.w3.org/2001/XMLSchema-instance"
      ;l
       xmlns:util="springframework.org/schema/util"
       xmlns:context="http://www.springframework.org/schema/context"
       xsi:schemaLocation="http://www.springframework.org/schema/beans 
       http://www.springframework.org/schema/beans/spring-beans.xsd
       http://www.springframework.org/schema/context
       https://www.springframework.org/context/spring-context.xsd
       ">
 <bean id="CompanyBean" class="spring.array.CompanyBean"> 
   <property name="companyName" value="virtusa"></property>
   <property name="emp" ref="EmployeeBean"></property>
   </bean>       
<bean id="EmployeeBean" class="spring.array.EmployeeBean">

			<property name="name" value="Emp1"></property>
			<property name="telNo" value="111111"></property>
			<property name="dept" ref="DeptBean" ></property>
			<property name="address" ref="AddressBean" ></property>	
</bean>

<bean id="DeptBean" class="spring.array.DepartmentBean">
<property name="deptId" value="101"></property>
<property name="deptName" value="Delivery"></property>
</bean>

<bean id="AddressBean" class="spring.array.AddressBean">
<property name="addressLine" value="Sec 25 B, Near DMart" />
      <property name="state" value="Maharashtra" />
      <property name="city" value="Pune" />
      <property name="country" value="India" />
</bean>

</beans>