<?xml version="1.0" encoding="UTF-8"?>
<beans xmlns="http://www.springframework.org/schema/beans" xmlns:context="http://www.springframework.org/schema/context" xmlns:mvc="http://www.springframework.org/schema/mvc" xmlns:xsi="http://www.w3.org/2001/XMLSchema-instance" xsi:schemaLocation="         http://www.springframework.org/schema/beans              http://www.springframework.org/schema/beans/spring-beans-3.0.xsd         http://www.springframework.org/schema/context          http://www.springframework.org/schema/context/spring-context-3.0.xsd         http://www.springframework.org/schema/mvc         http://www.springframework.org/schema/mvc/spring-mvc-3.0.xsd">
   <bean id="student" class="spring.has_a_relation.StudentBean">
      <property name="studentId" value="1" />
      <property name="firstName" value="Yashwant" />
      <property name="firstName" value="Yash" />
      <property name="lastName" value="Chavan" />
      <property name="address" ref="address" />
   </bean>
   <bean id="address" class="spring.has_a_relation.AddressBean">
      <property name="addressLine" value="Sec 25 B, Near DMart" />
      <property name="state" value="Maharashtra" />
      <property name="city" value="Pune" />
      <property name="country" value="India" />
   </bean>
</beans>