<?xml version="1.0" encoding="UTF-8"?>
<!DOCTYPE hibernate-configuration PUBLIC
        "-//Hibernate/Hibernate Configuration DTD 3.0//EN"
        "http://www.hibernate.org/dtd/hibernate-configuration-3.0.dtd">
<hibernate-configuration>
    <session-factory>
        <!-- JDBC Database connection settings -->
        <property name="connection.driver_class">com.mysql.cj.jdbc.Driver</property>
        <property name="connection.url">jdbc:mysql://localhost:3306/table</property>
        <property name="connection.username">root</property>
        <property name="connection.password">root</property>
        <!-- JDBC connection pool settings ... using built-in test pool -->
        <property name="connection.pool_size">5</property>
        <!-- Select our SQL dialect -->
        <property name="dialect">org.hibernate.dialect.MySQL5Dialect</property>
        <!-- Echo the SQL to stdout -->
        <property name="show_sql">true</property>
        <!-- Set the current session context -->
        <property name="current_session_context_class">thread</property>
        <!-- Drop and re-create the database schema on startup -->
     <!--     <property name="hbm2ddl.auto">create</property>  -->
        <property name="hbm2ddl.auto">update</property>
        
        <!-- dbcp connection pool configuration -->
        <property name="hibernate.dbcp.initialSize">10</property>
        <property name="hibernate.dbcp.maxTotal">20</property>
        <property name="hibernate.dbcp.maxIdle">10</property>
        <property name="hibernate.dbcp.minIdle">5</property>
        <property name="hibernate.dbcp.maxWaitMillis">-1</property>
      <!--    <mapping class="com.virtusa.entity1.Customer"/>
        <mapping class="com.virtusa.entity1.CustomerAddress"/>   -->
     <!--     <mapping class="com.virtusa.hibernate.entity2.Customer1"/>  -->
   <!--     <mapping class = "com.virtusa.inheritance.Project"/>
      <mapping class = "com.virtusa.inheritance.Module"/>
      <mapping class = "com.virtusa.inheritance.Task"/>   -->
     <!--     <mapping class = "com.hibernate.compositeKey.Account"/> -->
 	<!--        <mapping class= "com.hibernate.oneToMany.University"/>
     <mapping class= "com.hibernate.oneToMany.Student"/>   -->

 <!--  	<mapping class = "com.hibernate.ManyToMany.Event"/>
	<mapping class = "com.hibernate.ManyToMany.Representative"/>  -->
	
 <!--  	<mapping class = "com.hibernate.OneToOne.University1"/>
	<mapping class = "com.hibernate.OneToOne.UniversityDetails"/>     -->
	
	<mapping class = "com.hql.practise.Student"/>
	
    </session-factory>
</hibernate-configuration>