<?xml version="1.0" encoding="UTF-8"?>  
<beans  
    xmlns="http://www.springframework.org/schema/beans"  
    xmlns:xsi="http://www.w3.org/2001/XMLSchema-instance"  
    xmlns:p="http://www.springframework.org/schema/p"  
    xsi:schemaLocation="http://www.springframework.org/schema/beans  
               http://www.springframework.org/schema/beans/spring-beans-3.0.xsd">  
  
<bean id="employee" class="com.employye.has.a.Employee">  
<property name="employeeId" value="111"></property>
<property name="employeeName" value="Vimal Jaiswal"></property> 
<property name="salary" value="22000"></property>
<property name="dateOfJoining" value="29/01/20"></property> 
<property name="address" ref="address"></property>
</bean>  
  
 <bean id="address" class="com.employye.has.a.Address">  
<property name="StreetNo" value="22"></property>
<property name="street" value="Giri Nagar"></property> 
<property name="city" value="Chennai"></property>
<property name="pinCode" value="5600106"></property> 
</bean>  
</beans>