<?xml version="1.0" encoding="UTF-8"?>
<beans xmlns="http://www.springframework.org/schema/beans"
	xmlns:xsi="http://www.w3.org/2001/XMLSchema-instance"
	xmlns:p="http://www.springframework.org/schema/p"
	xsi:schemaLocation="http://www.springframework.org/schema/beans  
                http://www.springframework.org/schema/beans/spring-beans-3.0.xsd">


	<bean id="emp" class="com.virtusa.spring2.Employee">
		<property name="employeeId" value="8072608"></property>
		<property name="employeeName" value="Nagaraju"></property>
		<property name="employeeLocation" value="Chennai"></property>
	</bean>

	<bean id="comp" class="com.virtusa.spring2.Company">
		<property name="companyId" value="101"></property>
		<property name="companyName" value="Virtusa"></property>
		<property name="companyLocation" value="Chennai"></property>
		<property name="companyActiveClients" value="200"></property>
		<property name="employee" ref="emp"></property>
	</bean>


</beans>  