<?xml version="1.0" encoding="UTF-8"?>  
<beans  
    xmlns="http://www.springframework.org/schema/beans"
    xmlns:xsi="http://www.w3.org/2001/XMLSchema-instance" 
    xmlns:p="http://www.springframework.org/schema/p"  
    xsi:schemaLocation="http://www.springframework.org/schema/beans  
                http://www.springframework.org/schema/beans/spring-beans-3.0.xsd">  
  
<bean id="company" class="com.virtusa.spring.Company" factory-method="obj">  
<property name="companyId" value="101"></property>
<property name="companyName" value="Virtusa"></property>
<property name="companyLocation" value="Chennai"></property>
<property name="companyActiveClients" value="200"></property>  
</bean>  
  
</beans>  