<?xml version="1.0" encoding="UTF-8"?>

<beans xmlns="http://www.springframework.org/schema/beans"
	xmlns:xsi="http://www.w3.org/2001/XMLSchema-instance" xmlns:tx="http://www.springframework.org/schema/tx"
	xmlns:context="http://www.springframework.org/schema/context"
	xsi:schemaLocation="http://www.springframework.org/schema/beans
   http://www.springframework.org/schema/beans/spring-beans-3.0.xsd
   http://www.springframework.org/schema/tx
   https://www.springframework.org/tx/spring-tx.xsd
    http://www.springframework.org/schema/context
   https://www.springframework.org/context/spring-context.xsd">
	
	<context:annotation-config />
	<context:component-scan base-package="com.virtusa" />
	<tx:annotation-driven />

	<bean id="driverManagerDataSource"
		class="org.springframework.jdbc.datasource.DriverManagerDataSource">
		<property name="url" value="jdbc:mysql://localhost:3306/springjpa"></property>
        <property name="driverClassName" value="com.mysql.jdbc.Driver"></property>
        <property name="username" value="root"></property>
        <property name="password" value="admin"></property>
	</bean>

	<bean id="entityManagerFactory"
		class="org.springframework.orm.jpa.LocalContainerEntityManagerFactoryBean">

		<property name="dataSource">
			<ref bean="driverManagerDataSource" />
		</property>

		<property name="packagesToScan">
			<list>
				<value>com.virtusa.spring.model</value>
			</list>
		</property>

		<property name="jpaVendorAdapter">

			<bean class="org.springframework.orm.jpa.vendor.HibernateJpaVendorAdapter">

				<property name="generateDdl" value="true" />
				<property name="showSql" value="true" />

			</bean>

		</property>

	</bean>

	<bean id="transactionManager" class="org.springframework.orm.jpa.JpaTransactionManager">
		<property name="entityManagerFactory" ref="entityManagerFactory"></property>
	</bean>

	<bean id="student1" class="com.virtusa.spring.model.Student">
		<property name="studentName" value="vishal"></property>
		<property name="course">
			<list>
				<ref bean="course1" />
				<ref bean="course2" />
			</list>
		</property>
	</bean>

	<bean id="student2" class="com.virtusa.spring.model.Student">
		<property name="studentName" value="Vishal"></property>
		<property name="course">
			<list>
				<ref bean="course1" />
				<ref bean="course2" />
			</list>
		</property>
	</bean>
	
	<bean id="student3" class="com.virtusa.spring.model.Student">
		<property name="studentId" value="1"></property>
		<property name="studentName" value="vishal"></property>
		<property name="course">
			<list>
				<ref bean="course1" />
				<ref bean="course2" />
			</list>
		</property>
	</bean>

	<bean id="course1" class="com.virtusa.spring.model.Course">
		<property name="courseName" value="java"></property>
	</bean>

	<bean id="course2" class="com.virtusa.spring.model.Course">
		<property name="courseName" value="python"></property>
	</bean>

</beans>
