<?xml version = "1.0" encoding = "utf-8"?>
<!DOCTYPE hibernate-configuration SYSTEM 
"http://www.hibernate.org/dtd/hibernate-configuration-3.0.dtd">
<hibernate-configuration>
	<session-factory>
	
<!--  db specific properties  -->		
<property name="hibernate.connection.driver_class">com.mysql.jdbc.Driver</property>
		<property name="hibernate.connection.url">jdbc:mysql://localhost:3306/inhertance?createDatabaseIfNotExist=true</property>
		<property name="hibernate.connection.username">root</property>
		<property name="hibernate.connection.password">root</property>
		<property name="hibernate.connection.pool-size">1</property>
		<!-- hibernate specific properties-->	
	          <!--  dialect is for hibernate to generate query based on database used--> 
		<property name="hibernate.dialect">org.hibernate.dialect.MySQL5Dialect</property>		
		<property name="show_sql">true</property>
		<property name="format_sql">true</property>
		<property name="hbm2ddl.auto">update</property> 
	

	<mapping class="com.virtusa.hibernate.entity.Employee"/>
	
	<mapping class="com.virtusa.hibernate.entity.Developer"/>
	
	<mapping class="com.virtusa.hibernate.entity.Tester"/>
	
		
	</session-factory>
</hibernate-configuration>