<?xml version="1.0" encoding="UTF-8"?>  
<beans  
    xmlns="http://www.springframework.org/schema/beans"  
    xmlns:xsi="http://www.w3.org/2001/XMLSchema-instance"  
    xmlns:p="http://www.springframework.org/schema/p"  
    xsi:schemaLocation="http://www.springframework.org/schema/beans  
               http://www.springframework.org/schema/beans/spring-beans-3.0.xsd">  
  
<bean id="Employee" class="com.spring.employee.Employee">  
<property name="employeeId" value="111"></property>
<property name="employeeName" value="Vimal Jaiswal"></property>  
</bean>

<!-- <bean id="Employee1" class="com.spring.employee.Employee">  
<property name="employeeId" value="1221"></property>
<property name="employeeName" value="Vimal Agrawal"></property>  
</bean> -->
  
</beans>  