<?xml version="1.0" encoding="UTF-8"?>
<beans xmlns="http://www.springframework.org/schema/beans"
	xmlns:xsi="http://www.w3.org/2001/XMLSchema-instance"
	xsi:schemaLocation="http://www.springframework.org/schema/beans
	http://www.springframework.org/schema/beans/spring-beans.xsd ">
 
   <bean id="calculatorBean" class="com.shubham.simplevalues.bean.Calculator">
		<property name="num1" value="20" />
		<property name="num2" value="30" />
		<!-- <constructor-arg value="10"></constructor-arg> 
		<constructor-arg value="10"></constructor-arg> -->
	</bean>
	
	<bean id="calculatorBean32" class="com.shubham.simplevalues.bean.Calculator">
		<property name="num1" value="20" />
		<property name="num2" value="40" />
		<!-- <constructor-arg value="10"></constructor-arg> 
		<constructor-arg value="10"></constructor-arg> -->
	</bean>
	
	<bean id="factoryBean" class="com.shubham.simplevalues.bean.CalculatorFactory" factory-method="checkCalculator">
		<constructor-arg value="80"></constructor-arg>
	</bean>
</beans>