<?xml version="1.0" encoding="UTF-8"?>
<beans xmlns="http://www.springframework.org/schema/beans"
	xmlns:xsi="http://www.w3.org/2001/XMLSchema-instance"
	xsi:schemaLocation="http://www.springframework.org/schema/beans
        http://www.springframework.org/schema/beans/spring-beans.xsd">



	<bean id="Customer" class="com.spring.practise.customer.Customer"
		parent="Market" autowire="byName">
		 <!-- 	<property name="custId" value="01" />
		<property name="custName" value="Gurvinder" />
		<property name="payment" value="Online" />
		<property name="phnNo" value="99144465" /> -->
		
		<constructor-arg type="int" value="01"/>
		<constructor-arg type="String" value="Gurvinder"/>
		<constructor-arg type="String" value="Online"/>
		<constructor-arg type="long" value="99144456"/>
	</bean>
	
	<bean id="Market" class="com.spring.practise.shops.Market">
		<property name="shoes">
			<list>
				<value>Casual</value>
				<value>Sports</value>
			</list>
		</property>  
		
		
		<property name="purchase">
			<array>
			  	<value>Vegetables</value>
				<value>Groceries</value>
				<value>Fruits</value>
				<value>Accessories</value>
			</array>
		</property>
		
	</bean>



	<bean id="customerAddress"
		class="com.spring.practise.customer.CustomerAddress">
		<property name="hno" value="21" />
		<property name="cityName" value="Hyderabad" />
		<property name="stateName" value="Telangana" />
	</bean>

</beans>