<?xml version="1.0" encoding="UTF-8"?>
    <beans  
        xmlns="http://www.springframework.org/schema/beans"  
        xmlns:xsi="http://www.w3.org/2001/XMLSchema-instance"  
        xmlns:p="http://www.springframework.org/schema/p"  
        xsi:schemaLocation="http://www.springframework.org/schema/beans  
                   http://www.springframework.org/schema/beans/spring-beans-3.0.xsd">  
                   
 
     <bean id="adminBean" class="com.virtusa.spring.pojo.Admin">  
     
     <constructor-arg value="20"/>  
	<constructor-arg value="Rahul"/>  
	<constructor-arg value="rahul@gmail.com"/>  
	<constructor-arg value="rahul@123"/>  
	<constructor-arg ref="addressBean"/>  
	<constructor-arg ref="phoneBean"/>  
    </bean> 
    
   <bean id="addressBean" class="com.virtusa.spring.pojo.Address"> 
   <constructor-arg value="20"/>  
	<constructor-arg value="Rahulnagar"/>  
	<constructor-arg value="Ramnager"/>  
	<constructor-arg value="Chennai"/> 
	  
    </bean>
      <bean id="phoneBean" class="com.virtusa.spring.pojo.PhoneNumbers">  
      <constructor-arg value="1234567890"/>  
	<constructor-arg value="9876543211"/>  
    </bean>
     

    </beans>  
