<?xml version="1.0" encoding="UTF-8"?>
<beans xmlns="http://www.springframework.org/schema/beans"
	xmlns:xsi="http://www.w3.org/2001/XMLSchema-instance"
	xmlns:tx="http://www.springframework.org/schema/tx"
	xmlns:context="http://www.springframework.org/schema/context"
	xmlns:aop="http://www.springframework.org/schema/aop"
	xmlns:p="http://www.springframework.org/schema/p"
	xmlns:c="http://www.springframework.org/schema/c"
	xsi:schemaLocation="http://www.springframework.org/schema/beans
    http://www.springframework.org/schema/beans/spring-beans.xsd
    http://www.springframework.org/schema/context
    http://www.springframework.org/schema/context/spring-context-3.0.xsd
    http://www.springframework.org/schema/aop 
    http://www.springframework.org/schema/aop/spring-aop.xsd
    http://www.springframework.org/schema/tx
   https://www.springframework.org/tx/spring-tx.xsd">
   
   <context:annotation-config></context:annotation-config>
   <context:component-scan base-package="com.virtusa"/>
   
   <bean id="driverManagerDataSource" class="org.springframework.jdbc.datasource.DriverManagerDataSource">  
        <property name="driverClassName"  value="com.mysql.jdbc.Driver"></property>  
        <property name="url" value="jdbc:mysql://localhost:3306/spring"></property>  
        <property name="username" value="shubham"></property>  
        <property name="password" value="root"></property>  
    </bean>
    
    <bean id="LocalSessionFactory" class="org.springframework.orm.hibernate4.LocalSessionFactoryBean">  
        <property name="dataSource" ref="driverManagerDataSource"/>
        <property name="hibernateProperties">
        	<props>
        		<prop key="hibernate.dialect">org.hibernate.dialect.MySQLDialect</prop>
        		<prop key="hibernate.hbm2ddl.auto">update</prop>  
                <prop key="hibernate.show_sql">true</prop> 
        	</props>
        </property>  
        <property name="packagesToScan">
        	<array>
        		<value>com.virtusa.lp26springhibernate.model</value>
        	</array>
        </property>
    </bean>
   
 	<bean id="hibernateTransactionManager" 
		   class="org.springframework.orm.hibernate4.HibernateTransactionManager">
		   <property name="sessionFactory" ref="LocalSessionFactory"/>
 	</bean>
   
   
   
</beans>   
