<?xml version="1.0" encoding="UTF-8"?>
    <beans  
        xmlns="http://www.springframework.org/schema/beans"  
        xmlns:xsi="http://www.w3.org/2001/XMLSchema-instance"  
        xmlns:p="http://www.springframework.org/schema/p"  
        xsi:schemaLocation="http://www.springframework.org/schema/beans  
                   http://www.springframework.org/schema/beans/spring-beans-3.0.xsd">  
                   
 
     <bean id="adminBean" class="com.virtusa.spring.pojo.Admin">  
    <property name="adminId" value = "200"/>  
    <property name="adminName" value="Kiran"/>  
    <property name="adminEmail" value="kiran@gmail.com"/>  
    <property name="password" value="kiran@123"/> 
    <property name="address" ref="addressBean"/> 
    <property name="phoneNumbers" ref="phoneBean"/> 
    
    </bean> 
    
   <bean id="addressBean" class="com.virtusa.spring.pojo.Address">  
    <property name="no" value = "200"/>  
    <property name="street" value="Kiran"/>  
    <property name="village" value="kiran@gmail.com"/>  
    <property name="city" value="kiran@123"/>  
    </bean>
      <bean id="phoneBean" class="com.virtusa.spring.pojo.PhoneNumbers">  
    <property name="personalNumber" value = "1234567890"/>  
    <property name="homeNumber" value="9876543211"/>   
    </bean>
     


    </beans>  
