<?xml version="1.0" encoding="UTF-8"?>
<beans xmlns="http://www.springframework.org/schema/beans"
	xmlns:xsi="http://www.w3.org/2001/XMLSchema-instance"
	xmlns:c="http://www.springframework.org/schema/c"
	xmlns:p="http://www.springframework.org/schema/p"
	xmlns:tx="http://www.springframework.org/schema/tx"
	 xmlns:context="http://www.springframework.org/schema/context"
	xsi:schemaLocation="http://www.springframework.org/schema/beans
	http://www.springframework.org/schema/beans/spring-beans.xsd
	http://www.springframework.org/schema/tx
	http://www.springframework.org/schema/tx/spring-tx.xsd
	 http://www.springframework.org/schema/context 
    http://www.springframework.org/schema/context/spring-context.xsd">

<context:annotation-config/>
<tx:annotation-driven/>

	<bean id="customer" class="com.virtusa.spring.onetoone.Customer"
		 p:name="naveen" p:address-ref="address" />

	<bean id="address" class="com.virtusa.spring.onetoone.Address"
		p:doorNo="5-4-564" p:city="Hyd" p:country="india"
		p:pincode="654878"/>


	<bean id="customerRepository"
		class="com.virtusa.spring.onetoone.CustomerRepository"
		p:sessionFactory-ref="sessionFactory" />

	<bean id="dataSource"
		class="org.springframework.jdbc.datasource.DriverManagerDataSource"
		p:driverClassName="com.mysql.cj.jdbc.Driver"
		p:url="jdbc:mysql://localhost:3306/hiberspring" p:username="root"
		p:password="Naveen@369" />

	<bean id="sessionFactory"
		class="org.springframework.orm.hibernate5.LocalSessionFactoryBean">
		<property name="dataSource" ref="dataSource" />
		<property name="configLocations" value="hibernate.cfg.xml" />
	</bean>


	<bean id="transactionManager"
		class="org.springframework.orm.hibernate5.HibernateTransactionManager"
		p:sessionFactory-ref="sessionFactory" />

	<!-- more bean definitions go here -->
</beans>