<?xml version="1.0" encoding="UTF-8"?>
<beans xmlns="http://www.springframework.org/schema/beans"
	xmlns:xsi="http://www.w3.org/2001/XMLSchema-instance"
	xmlns:c="http://www.springframework.org/schema/c"
	xmlns:p="http://www.springframework.org/schema/p"

	xsi:schemaLocation="http://www.springframework.org/schema/beans
 http://www.springframework.org/schema/beans/spring-beans.xsd">


	<bean id="personBean" class="com.virtusa.spring.Person"
		p:firstName="Dravid" p:middleName="Ramesh" p:lastName="Rahul"
		p:address-ref="address" />

	<bean id="address" class="com.virtusa.spring.Address"
		p:doorNo="3-5-34" p:city="hyderabad" p:country="India"
		p:pincode="517602" />


	<bean id="applicantBean" class="com.virtusa.spring.Applicant"
		parent="personBean" p:noOfMessages="100">
		<property name="strMessages">
			<array>
				<value>Hi</value>
				<value>Hello</value>
				<value>bye</value>
				<value>goodbye</value>
			</array>
		</property>
		<property name="numberList">
			<list>
				<value>4567</value>
				<value>4571</value>
				<value>8976</value>
				<value>7146</value>
			</list>
		</property>
		<property name="firstName" value="Ramesh"></property>
		<property name="lastName" value="suresh"></property>
	</bean>


	<!-- more bean definitions go here -->
</beans>