<?xml version="1.0" encoding="UTF-8"?>
<beans xmlns="http://www.springframework.org/schema/beans"
	xmlns:xsi="http://www.w3.org/2001/XMLSchema-instance"
	xsi:schemaLocation="http://www.springframework.org/schema/beans
	http://www.springframework.org/schema/beans/spring-beans.xsd ">
	
	<bean id="listExampleBean" class="com.shubham.collection.bean.ListExample">
      <property name="nameList">
      <list>
            <value>Shubham</value>
            <value>Aman</value>
            <value>Manav</value>
            <value>Ayush</value>
         </list>
      </property>
   </bean>
</beans>