<?xml version="1.0" encoding="UTF-8"?>
<beans xmlns="http://www.springframework.org/schema/beans"
	xmlns:xsi="http://www.w3.org/2001/XMLSchema-instance"
	xsi:schemaLocation="http://www.springframework.org/schema/beans
	http://www.springframework.org/schema/beans/spring-beans.xsd ">
 
	<bean id="carBean" class="com.shubham.hasarelationship.bean.Car">
      <property name="modelName" value="Renault Duster" />
      <property name="feature" ref="featureBean" />
   </bean>
   <bean id="featureBean" class="com.shubham.hasarelationship.bean.Feature">
      <property name="mType" value="SUV" />
      <property name="eType" value="Petrol" />
      <property name="gType" value="Manual" />
   </bean>
</beans>