<?xml version="1.0" encoding="UTF-8"?>

<beans xmlns="http://www.springframework.org/schema/beans"
	xmlns:xsi="http://www.w3.org/2001/XMLSchema-instance" 
	xmlns:tx="http://www.springframework.org/schema/tx"
	xmlns:context="http://www.springframework.org/schema/context"
	xsi:schemaLocation="http://www.springframework.org/schema/beans
   http://www.springframework.org/schema/beans/spring-beans-3.0.xsd
   http://www.springframework.org/schema/tx
   https://www.springframework.org/tx/spring-tx.xsd
    http://www.springframework.org/schema/context
   https://www.springframework.org/context/spring-context.xsd">

	<context:annotation-config/>
	<context:component-scan base-package="com.virtusa"/>
	<tx:annotation-driven />

	<bean id="driverManagerDataSource"
		class="org.springframework.jdbc.datasource.DriverManagerDataSource">
		<property name="url" value="jdbc:mysql://localhost:3306/springjpa"></property>
        <property name="driverClassName" value="com.mysql.jdbc.Driver"></property>
        <property name="username" value="root"></property>
        <property name="password" value="admin"></property>
	</bean>

	<bean id="localSessionFactoryBean"
		class="org.springframework.orm.hibernate4.LocalSessionFactoryBean">

		<property name="dataSource">
			<ref bean="driverManagerDataSource" />
		</property>

		<property name="packagesToScan">
			<list>
				<value>com.virtusa.spring.model</value>
			</list>
		</property>

		<property name="hibernateProperties">
			<props>
				<prop key="hibernate.dialect">org.hibernate.dialect.MySQL5Dialect</prop>
				<prop key="hibernate.hbm2ddl.auto">create</prop>
				<prop key="hibernate.show_sql">true</prop>

			</props>
		</property>

	</bean>
	
	<bean id="companyRepository" class="com.virtusa.spring.repository.CompanyRepository">
		<property name="sessionFactory" ref="localSessionFactoryBean"></property>
	</bean>

	<bean id="transactionManager"
		class="org.springframework.orm.hibernate4.HibernateTransactionManager">
		<property name="sessionFactory" ref="localSessionFactoryBean"></property>
	</bean>

	<bean id="comp1" class="com.virtusa.spring.model.Company">
		<property name="companyName" value="Virtusa"></property>
		<property name="employee">
			<list>
				<ref bean="employee1" />
				<ref bean="employee2" />
			</list>
		</property>
	</bean>

	<bean id="comp2" class="com.virtusa.spring.model.Company">
		<property name="companyName" value="Virtusa.Pvt.ltd"></property>
		<property name="employee">
			<list>
				<ref bean="employee1" />
				<ref bean="employee2" />
			</list>
		</property>
	</bean>

	<bean id="employee1" class="com.virtusa.spring.model.Employee">
		<property name="employeeName" value="Vishal Kumar"></property>
		<property name="salary" value="20000"></property>
	</bean>

	<bean id="employee2" class="com.virtusa.spring.model.Employee">
		<property name="employeeName" value="Durga Rao Moogi"></property>
		<property name="salary" value="20000"></property>
	</bean>

</beans>
