<?xml version="1.0" encoding="UTF-8"?>

<beans xmlns="http://www.springframework.org/schema/beans"
	xmlns:xsi="http://www.w3.org/2001/XMLSchema-instance" xmlns:tx="http://www.springframework.org/schema/tx"
	xsi:schemaLocation="http://www.springframework.org/schema/beans
   http://www.springframework.org/schema/beans/spring-beans-3.0.xsd
   http://www.springframework.org/schema/tx
   https://www.springframework.org/tx/spring-tx.xsd">

	<tx:annotation-driven />

	<bean id="driverManagerDataSource"
		class="org.springframework.jdbc.datasource.DriverManagerDataSource">
		<property name="url" value="jdbc:mysql://localhost:3306/springjpa"></property>
        <property name="driverClassName" value="com.mysql.jdbc.Driver"></property>
        <property name="username" value="root"></property>
        <property name="password" value="admin"></property>
	</bean>

	<bean id="localSessionFactoryBean"
		class="org.springframework.orm.hibernate4.LocalSessionFactoryBean">

		<property name="dataSource">
			<ref bean="driverManagerDataSource" />
		</property>

		<property name="packagesToScan">
			<list>
				<value>com.virtusa.spring.model</value>
			</list>
		</property>

		<property name="hibernateProperties">
			<props>
				<!-- <prop key="connection.pool_size">1</prop> -->
				<prop key="hibernate.dialect">org.hibernate.dialect.MySQL5Dialect</prop>
				<prop key="hibernate.hbm2ddl.auto">create</prop>
				<prop key="hibernate.show_sql">true</prop>

			</props>
		</property>

	</bean>

	<bean id="transactionManager"
		class="org.springframework.orm.hibernate4.HibernateTransactionManager">
		<property name="sessionFactory" ref="localSessionFactoryBean"></property>
	</bean>

	<bean id="student1" class="com.virtusa.spring.model.Student">
		<property name="studentName" value="vishal"></property>
		<property name="course">
			<list>
				<ref bean="course1" />
				<ref bean="course2" />
			</list>
		</property>
	</bean>

	<bean id="student2" class="com.virtusa.spring.model.Student">
		<property name="studentName" value="Vishal"></property>
		<property name="course">
			<list>
				<ref bean="course1" />
				<ref bean="course2" />
			</list>
		</property>
	</bean>
	
	<bean id="student3" class="com.virtusa.spring.model.Student">
		<property name="studentId" value="1"></property>
		<property name="studentName" value="vishal"></property>
		<property name="course">
			<list>
				<ref bean="course1" />
				<ref bean="course2" />
			</list>
		</property>
	</bean>

	<bean id="course1" class="com.virtusa.spring.model.Course">
		<property name="courseName" value="java"></property>
	</bean>

	<bean id="course2" class="com.virtusa.spring.model.Course">
		<property name="courseName" value="python"></property>
	</bean>

	<bean id="studentRepository" class="com.virtusa.spring.repository.StudentRepository">
		<property name="sessionFactory" ref="localSessionFactoryBean"></property>
	</bean>

</beans>