<!DOCTYPE hibernate-configuration PUBLIC
        "-//Hibernate/Hibernate Configuration DTD 3.0//EN"
        "http://www.hibernate.org/dtd/hibernate-configuration-3.0.dtd">
<hibernate-configuration>
    <session-factory>
        <!-- JDBC Database connection settings -->
        <property name="connection.driver_class">oracle.jdbc.driver.OracleDriver</property>
        <property name="connection.url">jdbc:oracle:thin:@localhost:1521:orcl</property>
        <property name="connection.username">SYSTEM</property>
        <property name="connection.password">oracle</property>
        <!-- JDBC connection pool settings ... using built-in test pool -->
        <property name="connection.pool_size">1</property>
        <!-- Select our SQL dialect -->
        <property name="dialect">org.hibernate.dialect.Oracle10gDialect</property>
        <!-- Echo the SQL to stdout -->
        <property name="show_sql">true</property>
        <!-- Set the current session context
        <property name="current_session_context_class">thread</property> -->
        <!-- Drop and re-create the database schema on startup -->
        <property name="hbm2ddl.auto">update</property>
        <property name="hibernate.cache.use_second_level_cache">true</property>
        <property name="hibernate.cache.region.factory_class">org.hibernate.cache.ehcache.EhCacheRegionFactory</property>
        <!-- dbcp connection pool configuration
        <property name="hibernate.dbcp.initialSize">5</property>
        <property name="hibernate.dbcp.maxTotal">20</property>
        <property name="hibernate.dbcp.maxIdle">10</property>
        <property name="hibernate.dbcp.minIdle">5</property>
        <property name="hibernate.dbcp.maxWaitMillis">-1</property> -->
       <!-- 
        <mapping class="com.hibernate.Employee" />
        <mapping class="com.hibernate.SportsPerson" />
        <mapping class="com.hibernate.Name" />
        <mapping class="com.hibernate.Person" />
        -->
         <mapping class="com.hibernate.Employeee" />
    </session-factory>
</hibernate-configuration>