<?xml version="1.0" encoding="UTF-8"?>  
<beans  
    xmlns="http://www.springframework.org/schema/beans"  
    xmlns:xsi="http://www.w3.org/2001/XMLSchema-instance"  
    xmlns:p="http://www.springframework.org/schema/p"  
    xsi:schemaLocation="http://www.springframework.org/schema/beans  
               http://www.springframework.org/schema/beans/spring-beans-3.0.xsd">  
  
<bean id="country" class="com.virtusa.constructor.Country">
<constructor-arg value="91"/>
<constructor-arg value="India"/>
<constructor-arg value="28"/>
</bean> 

<bean id="country1" class="com.virtusa.constructor.Country" scope="prototype">
<constructor-arg value="94"/>
<constructor-arg value="AndomanNikobar"/>
<constructor-arg value="3"/>
</bean> 
</beans>