<?xml version="1.0" encoding="UTF-8"?>
<beans xmlns="http://www.springframework.org/schema/beans"
	xmlns:xsi="http://www.w3.org/2001/XMLSchema-instance"
	xmlns:context="http://www.springframework.org/schema/context"
	xmlns:mvc="http://www.springframework.org/schema/mvc"
	xmlns:tx="http://www.springframework.org/schema/tx"
	xsi:schemaLocation="http://www.springframework.org/schema/beans 
        http://www.springframework.org/schema/beans/spring-beans-3.2.xsd
        http://www.springframework.org/schema/context  
        http://www.springframework.org/schema/context/spring-context.xsd 
        http://www.springframework.org/schema/tx 
        http://www.springframework.org/schema/tx/spring-tx-2.0.xsd
        http://www.springframework.org/schema/mvc  
        http://www.springframework.org/schema/mvc/spring-mvc.xsd">
   <context:annotation-config></context:annotation-config>
   
     <tx:annotation-driven />
	
	<bean id="dataSource"
		class="org.springframework.jdbc.datasource.DriverManagerDataSource">
		<property name="driverClassName"
			value="com.mysql.jdbc.Driver"></property>
		<property name="url"
			value="jdbc:mysql://localhost:3306/Anwar"></property>
		<property name="username" value="root"></property>
		<property name="password" value="root"></property>
	</bean>

	<bean id="sessionFactory" class="org.springframework.orm.hibernate4.LocalSessionFactoryBean">
		<!--  
		class="org.springframework.orm.hibernate3.annotation.AnnotationSessionFactoryBean"--> 
		
		<property name="dataSource" ref="dataSource"></property>
		<property name="annotatedClasses">
		<list>
				<value>com.user.entity.User</value>
			</list>
			</property>
		

		<property name="hibernateProperties">
			<props>
				<prop key="hibernate.dialect">org.hibernate.dialect.MySQL5Dialect</prop>
				<prop key="hibernate.hbm2ddl.auto">create-drop</prop>
				<prop key="hibernate.show_sql">true</prop>

			</props>
		</property>
	</bean>
	<bean id="transactionManager"
		class="org.springframework.orm.hibernate4.HibernateTransactionManager">
		<property name="sessionFactory" ref="sessionFactory"></property>
	</bean>
	<bean id="template"
		class="org.springframework.orm.hibernate4.HibernateTemplate">
		<property name="sessionFactory" ref="sessionFactory"></property>
		<property name="checkWriteOperations" value="false"></property>
	</bean>
	<bean id="userDao" class="com.user.dao.UserDao">
		<property name="template" ref="template"></property>
	</bean>
	<bean id="user" class="com.user.entity.User">
	</bean>




 


	<!-- Provide support for component scanning -->
	 
	 <context:component-scan
		base-package="com.user"/>
		 		
		
	<mvc:default-servlet-handler />
	<!--Provide support for conversion, formatting and validation -->
	<mvc:annotation-driven />
	<!-- Define Spring MVC view resolver -->
	<bean id="viewResolver"
		class="org.springframework.web.servlet.view.InternalResourceViewResolver">
		<property name="prefix" value="/WEB-INF/jsp/"></property>
		<property name="suffix" value=".jsp"></property>
	</bean> 
	<bean id="userservice" class="com.user.service.UserService">
	</bean>
	<!-- <mvc:resources mapping="/static/**" location="/static/"
	cache-period="31556926"/> -->
</beans>