<?xml version="1.0" encoding="UTF-8"?>
<beans xmlns="http://www.springframework.org/schema/beans"
	xmlns:xsi="http://www.w3.org/2001/XMLSchema-instance"
	xsi:schemaLocation="http://www.springframework.org/schema/beans
 http://www.springframework.org/schema/beans/spring-beans.xsd">



	<bean id="product1" class="com.virtusa.spring.casestudy.Product">
		<property name="id" value="1"></property>
		<property name="name" value="mobile"></property>
		<property name="price" value="899"></property>
	</bean>

<bean id="product2" class="com.virtusa.spring.casestudy.Product">
		<property name="id" value="2"></property>
		<property name="name" value="laptop"></property>
		<property name="price" value="25000"></property>
	</bean>
	
	<bean id="product3" class="com.virtusa.spring.casestudy.Product">
		<property name="id" value="3"></property>
		<property name="name" value="shoes"></property>
		<property name="price" value="999"></property>
	</bean>
	
	<bean id="product4" class="com.virtusa.spring.casestudy.Product">
		<property name="id" value="4"></property>
		<property name="name" value="router"></property>
		<property name="price" value="1500"></property>
	</bean>
	
	<bean id="product5" class="com.virtusa.spring.casestudy.Product">
		<property name="id" value="5"></property>
		<property name="name" value="shirt"></property>
		<property name="price" value="699"></property>
	</bean>

	<bean id="order" class="com.virtusa.spring.casestudy.Order">
		<property name="noOfProducts" value="5"></property>
		<property name="orderTotal" value="29097"></property>
		<property name="products">
			<list>
				<ref bean="product1" />
				<ref bean="product2" />
				<ref bean="product3" />
				<ref bean="product4" />
				<ref bean="product5" />
			</list>
		</property>
	</bean>

	<bean id="personBean"
		class="com.virtusa.spring.casestudy.PersonBean">
		<property name="firstName" value="Tendulkar"></property>
		<property name="middleName" value="Ramesh"></property>
		<property name="lastName" value="sachin"></property>
	</bean>

	<bean id="userBean" class="com.virtusa.spring.casestudy.UserBean"
		lazy-init="default"  parent="personBean"
		depends-on="personBean">
		<property name="email" value="naveen.m@gmail.com"></property>
		<property name="password" value="naveen"></property>
		<property name="order" ref="order" />
		<property name="firstName" value="Ram"></property>
		<property name="lastName" value="rahim"></property>
	</bean>


	<!-- more bean definitions go here -->
</beans>