<?xml version="1.0" encoding="UTF-8"?>
<beans xmlns="http://www.springframework.org/schema/beans"
 xmlns:xsi="http://www.w3.org/2001/XMLSchema-instance"
 xsi:schemaLocation="http://www.springframework.org/schema/beans
 http://www.springframework.org/schema/beans/spring-beans.xsd">
 
 
 <import resource="spring-config-core1.xml" />
  
  <bean id="personBean" class="com.virtusa.spring.casestudy.PersonBean">
 <property name="firstName" value="Tendulkar"></property>
 <property name="middleName" value="Ramesh"></property>
 <property name="lastName" value="sachin"></property>
 <property name="address" ref="address"></property>
  </bean>
   <bean id="personBean1" class="com.virtusa.spring.casestudy.PersonBean" depends-on="address">
 <property name="firstName" value="Tendul"></property>
 <property name="middleName" value="Ram"></property>
 <property name="lastName" value="sach"></property>
 <property name="address" ref="address"></property>
  </bean>
 <bean id="applicantBean" class="com.virtusa.spring.core.ApplicantBean" lazy-init="default"  scope="prototype" parent="personBean1" depends-on="personBean1">
 <property name="message" value="welcome to spring"></property>
 <property name="noOfMessages" value="100"></property>
 <property name="strMessages" >
 <array>
 
  <value>Hi</value>
            <value>Hello</value>
            <value>bye</value>
            <value>goodbye</value>
 </array>
 </property>
 
 <constructor-arg name="message" value="hi"></constructor-arg>
 <property name = "numberList">
         <list>
            <value>45627</value>
            <value>45781</value>
            <value>89746</value>
            <value>78146</value>
         </list>
      </property>
 <property name="firstName" value="Rahul"></property>
 <property name="lastName" value="Dravid"></property>
 </bean>
 
  
 <!-- more bean definitions go here -->
</beans>