<?xml version="1.0" encoding="UTF-8"?>


<beans xmlns="http://www.springframework.org/schema/beans"
	xmlns:xsi="http://www.w3.org/2001/XMLSchema-instance"
	xsi:schemaLocation="http://www.springframework.org/schema/beans
   http://www.springframework.org/schema/beans/spring-beans-3.0.xsd">


	<bean id="payment" class="com.virtusa.spring.bean.Payment">
		<property name="paymentId" value="6543"></property>
		<property name="amount" value="10000"></property>

	</bean>

	<bean id="card" class="com.virtusa.spring.bean.Card" parent="payment">
		<property name="cardType" value="MasterCard"></property>
	</bean>


	<bean id="cheque" class="com.virtusa.spring.bean.Cheque" parent="payment">
		<property name="chequeType" value="SBI"></property>
	</bean>

</beans>